{"ecmp_stddev_gbps": 0.08838160006976042, "ecmp_mean_gbps": 0.4818715807383178}