{"ecmp_stddev_gbps": 0.7070528005580834, "ecmp_mean_gbps": 3.8549726459065425}