{"ecmp_stddev_gbps": 1.1850402889760747, "ecmp_mean_gbps": 1.782389999565331, "gff_stddev_gbps": 0.8533351680946916, "gff_mean_gbps": 2.6410469138313193}