{"ecmp_stddev_gbps": 0.7070528005580834, "ecmp_mean_gbps": 3.8549726459065425, "gff_stddev_gbps": 0.5870870919820065, "gff_mean_gbps": 4.7164557709811135}