{"ecmp_stddev_gbps": 5.3789790243433526e-05, "ecmp_mean_gbps": 0.00017165441836774697, "gff_stddev_gbps": 0.4973691200083792, "gff_mean_gbps": 2.855884381790601}