{"ecmp_stddev_gbps": 0.05106195525767096, "ecmp_mean_gbps": 0.519385389019488}