{"ecmp_stddev_gbps": 0.21722405575608117, "ecmp_mean_gbps": 3.9296487299511442, "gff_stddev_gbps": 0.22969807911617982, "gff_mean_gbps": 4.594924623903971}