{"ecmp_stddev_gbps": 0.2270226893525373, "ecmp_mean_gbps": 3.629507511186459, "gff_stddev_gbps": 0.27302979673221844, "gff_mean_gbps": 4.787352627458944}