{"ecmp_stddev_gbps": 0.241263404110549, "ecmp_mean_gbps": 3.9721973369134598}