{"ecmp_stddev_gbps": 0.2399460560316069, "ecmp_mean_gbps": 3.669671157685089}