{"ecmp_stddev_gbps": 0.4084956420613677, "ecmp_mean_gbps": 4.155083112155904}