{"ecmp_stddev_gbps": 0.2399460560316069, "ecmp_mean_gbps": 3.669671157685089, "gff_stddev_gbps": 0.24966410202453695, "gff_mean_gbps": 4.585635817167642}