{"ecmp_stddev_gbps": 1.0435329679890144, "ecmp_mean_gbps": 3.1548532210253057, "gff_stddev_gbps": 0.8041301792448685, "gff_mean_gbps": 3.124555490597663}