{"ecmp_stddev_gbps": 0.030157925513818625, "ecmp_mean_gbps": 0.49652466711418247}