{"ecmp_stddev_gbps": 0.028377836169067163, "ecmp_mean_gbps": 0.4536884388983074}