{"ecmp_stddev_gbps": 0.2270226893525373, "ecmp_mean_gbps": 3.629507511186459}