{"ecmp_stddev_gbps": 0.026700274224799654, "ecmp_mean_gbps": 0.5093180714407239}