{"ecmp_stddev_gbps": 0.21722405575608117, "ecmp_mean_gbps": 3.9296487299511442}