{"ecmp_stddev_gbps": 0.21360219379839723, "ecmp_mean_gbps": 4.0745445715257915, "gff_stddev_gbps": 0.2298763199205031, "gff_mean_gbps": 4.9623908147413704}