{"ecmp_stddev_gbps": 5.1018868353404486e-05, "ecmp_mean_gbps": 0.00017300568755601497, "gff_stddev_gbps": 5.382867423172365e-05, "gff_mean_gbps": 0.00015717219578448242}