{"ecmp_stddev_gbps": 0.241263404110549, "ecmp_mean_gbps": 3.9721973369134598, "gff_stddev_gbps": 1.7669003564884551, "gff_mean_gbps": 13.49921839637496}