{"ecmp_stddev_gbps": 4.9195491828796784e-05, "ecmp_mean_gbps": 0.0001832815368988952, "gff_stddev_gbps": 4.9911457391943145e-05, "gff_mean_gbps": 0.00016350322855865324}