{"ecmp_stddev_gbps": 0.4084956420613677, "ecmp_mean_gbps": 4.155083112155904, "gff_stddev_gbps": 0.4244113424054401, "gff_mean_gbps": 5.795876731712037}