{"ecmp_stddev_gbps": 4.7743911113090444e-05, "ecmp_mean_gbps": 0.00015871286314864767, "gff_stddev_gbps": 5.429525932897384e-05, "gff_mean_gbps": 0.00017419016786069752}