{"ecmp_stddev_gbps": 0.8690896779233167, "ecmp_mean_gbps": 1.9995018763761876, "gff_stddev_gbps": 0.8659031768671885, "gff_mean_gbps": 1.7977191583721484}