{"ecmp_stddev_gbps": 0.029993257003950863, "ecmp_mean_gbps": 0.45870889471063614}