{"ecmp_stddev_gbps": 0.027153006969510146, "ecmp_mean_gbps": 0.49120609124389303}