{"ecmp_stddev_gbps": 0.06680787907047778, "ecmp_mean_gbps": 1.3777802060891642}