{"ecmp_stddev_gbps": 0.17178039430412784, "ecmp_mean_gbps": 4.836030620070133}