{"ecmp_stddev_gbps": 0.14210882564528735, "ecmp_mean_gbps": 0.912936355130888}