{"ecmp_stddev_gbps": 0.5344630325638222, "ecmp_mean_gbps": 11.022241648713313}