{"ecmp_stddev_gbps": 1.1368706051622988, "ecmp_mean_gbps": 7.303490841047104, "gff_stddev_gbps": 0.21535920558083496, "gff_mean_gbps": 6.043855323831387}