{"ecmp_stddev_gbps": 0.5344630325638222, "ecmp_mean_gbps": 11.022241648713313, "gff_stddev_gbps": 0.3450849006256065, "gff_mean_gbps": 5.936491730830592}