{"ecmp_stddev_gbps": 0.8908743656036417, "ecmp_mean_gbps": 2.8436692030168995, "gff_stddev_gbps": 0.7554227057049077, "gff_mean_gbps": 3.399015648990893}