{"ecmp_stddev_gbps": 0.1944127920360627, "ecmp_mean_gbps": 4.771961795946242, "gff_stddev_gbps": 0.26478205084427, "gff_mean_gbps": 6.2026306742405275}