{"ecmp_stddev_gbps": 0.2559547295983306, "ecmp_mean_gbps": 4.188589684917633}