{"ecmp_stddev_gbps": 0.7013110419041385, "ecmp_mean_gbps": 3.4342118792277465, "gff_stddev_gbps": 0.8265495114821894, "gff_mean_gbps": 3.172813814453271}