{"ecmp_stddev_gbps": 0.02430159900450784, "ecmp_mean_gbps": 0.5964952244932803}