{"ecmp_stddev_gbps": 0.1944127920360627, "ecmp_mean_gbps": 4.771961795946242}