{"ecmp_stddev_gbps": 1.1368706051622988, "ecmp_mean_gbps": 7.303490841047104}