{"ecmp_stddev_gbps": 0.17178039430412784, "ecmp_mean_gbps": 4.836030620070133, "gff_stddev_gbps": 0.34466310976894265, "gff_mean_gbps": 6.334282232666808}