{"ecmp_stddev_gbps": 0.26855593037345044, "ecmp_mean_gbps": 4.717352467125841}