{"ecmp_stddev_gbps": 0.031994341199791325, "ecmp_mean_gbps": 0.5235737106147041}