{"ecmp_stddev_gbps": 0.49796488885334406, "ecmp_mean_gbps": 3.6905310274417946, "gff_stddev_gbps": 0.7006043274318053, "gff_mean_gbps": 3.5814902849324524}