{"ecmp_stddev_gbps": 0.6686174182137671, "ecmp_mean_gbps": 3.222898436289558, "gff_stddev_gbps": 1.048937864608868, "gff_mean_gbps": 3.2910464706733085}