{"ecmp_stddev_gbps": 0.02147254928801598, "ecmp_mean_gbps": 0.6045038275087666}