{"ecmp_stddev_gbps": 0.4461983883729891, "ecmp_mean_gbps": 3.604571842488891, "gff_stddev_gbps": 0.6085670093683058, "gff_mean_gbps": 3.6652411399285905}