{"ecmp_stddev_gbps": 0.033569491296681304, "ecmp_mean_gbps": 0.5896690583907301}