{"ecmp_stddev_gbps": 0.2559547295983306, "ecmp_mean_gbps": 4.188589684917633, "gff_stddev_gbps": 0.3963850717696518, "gff_mean_gbps": 6.098074438319711}