{"ecmp_stddev_gbps": 0.39480190326909853, "ecmp_mean_gbps": 3.8806414243333585, "gff_stddev_gbps": 0.5416648505613393, "gff_mean_gbps": 3.8683758611190355}