{"ecmp_stddev_gbps": 0.26855593037345044, "ecmp_mean_gbps": 4.717352467125841, "gff_stddev_gbps": 0.8317863701829475, "gff_mean_gbps": 7.61659111063639}