{"ecmp_stddev_gbps": 0.8141741303956147, "ecmp_mean_gbps": 10.708920519250963}