{"ecmp_stddev_gbps": 0.4875609448133388, "ecmp_mean_gbps": 9.964075989953121, "gff_stddev_gbps": 0.29039548555182604, "gff_mean_gbps": 4.545114821413859}