{"ecmp_stddev_gbps": 0.7567070315400608, "ecmp_mean_gbps": 8.42525648096852, "gff_stddev_gbps": 0.21721594597013058, "gff_mean_gbps": 10.878950945910368}