{"ecmp_stddev_gbps": 0.4647217893689217, "ecmp_mean_gbps": 8.498509473251096}