{"ecmp_stddev_gbps": 0.4647217893689217, "ecmp_mean_gbps": 8.498509473251096, "gff_stddev_gbps": 0.9604314868169272, "gff_mean_gbps": 11.693492822760618}