{"ecmp_stddev_gbps": 1.897760511350917e-05, "ecmp_mean_gbps": 0.000143319458501047, "gff_stddev_gbps": 5.398972362325131e-05, "gff_mean_gbps": 0.00017854530142049485}