{"ecmp_stddev_gbps": 0.7591676012664682, "ecmp_mean_gbps": 10.40344476655309, "gff_stddev_gbps": 0.22042120723967154, "gff_mean_gbps": 12.507696130747242}