{"ecmp_stddev_gbps": 1.0098548927028053, "ecmp_mean_gbps": 8.504859486617455, "gff_stddev_gbps": 0.4425658288576046, "gff_mean_gbps": 10.014068900129743}