{"ecmp_stddev_gbps": 0.02930482400322161, "ecmp_mean_gbps": 0.7012878484572406}