{"ecmp_stddev_gbps": 5.302810239969445e-05, "ecmp_mean_gbps": 0.00016578391507608532, "gff_stddev_gbps": 4.9704549714209676e-05, "gff_mean_gbps": 0.0001617636621506136}