{"ecmp_stddev_gbps": 0.7957759445518506, "ecmp_mean_gbps": 9.554633444798363, "gff_stddev_gbps": 0.36518339879239714, "gff_mean_gbps": 9.91604399246623}