{"ecmp_stddev_gbps": 0.4875609448133388, "ecmp_mean_gbps": 9.964075989953121}