{"ecmp_stddev_gbps": 0.06094511810166735, "ecmp_mean_gbps": 1.2455094987441402}