{"ecmp_stddev_gbps": 4.894314552419308e-05, "ecmp_mean_gbps": 0.00015703948086230414, "gff_stddev_gbps": 4.7578858333332555e-05, "gff_mean_gbps": 0.0001759571370558537}