{"ecmp_stddev_gbps": 0.23443859202577289, "ecmp_mean_gbps": 5.610302787657925}