{"ecmp_stddev_gbps": 0.9766970369305175, "ecmp_mean_gbps": 3.431118406685785, "gff_stddev_gbps": 0.6688327216727397, "gff_mean_gbps": 3.6199572126478823}