{"ecmp_stddev_gbps": 0.058090223671115215, "ecmp_mean_gbps": 1.062313684156387}