{"ecmp_stddev_gbps": 0.10177176629945184, "ecmp_mean_gbps": 1.3386150649063704}