{"ecmp_stddev_gbps": 0.8141741303956147, "ecmp_mean_gbps": 10.708920519250963, "gff_stddev_gbps": 0.17449673081166575, "gff_mean_gbps": 5.8144289074227675}