{"ecmp_stddev_gbps": 0.23443859202577289, "ecmp_mean_gbps": 5.610302787657925, "gff_stddev_gbps": 0.18330785482897077, "gff_mean_gbps": 4.954676262923491}